year,month,current_account,goods_services_balance,trade_balance,exports,imports,services_balance,primary_income,secondary_income
1996,1,5414 ,2211 ,,33994 ,26083 ,-5700 ,3916 ,-713 
,2,6392 ,2954 ,,35080 ,26690 ,-5435 ,4660 ,-1223 
,3,8847 ,4596 ,,36206 ,26533 ,-5077 ,4851 ,-599 
,4,6295 ,1495 ,,34530 ,28133 ,-4903 ,5610 ,-810 
,5,4814 ,197 ,,34336 ,28547 ,-5591 ,5544 ,-927 
,6,5131 ,608 ,,35122 ,28163 ,-6351 ,5295 ,-772 
,7,5902 ,1374 ,,35146 ,28085 ,-5687 ,5376 ,-848 
,8,6401 ,2151 ,,34769 ,27735 ,-4883 ,5141 ,-891 
,9,6261 ,1913 ,,36045 ,28397 ,-5735 ,5147 ,-799 
,10,5911 ,1365 ,,36331 ,29564 ,-5401 ,5187 ,-641 
,11,6302 ,1857 ,,38227 ,29796 ,-6575 ,5345 ,-899 
,12,7635 ,3197 ,,38843 ,29715 ,-5931 ,5271 ,-833 
1997,1,6897 ,2600 ,,39253 ,31422 ,-5232 ,5205 ,-909 
,2,6242 ,2212 ,,39971 ,31639 ,-6120 ,5244 ,-1214 
,3,6925 ,1938 ,,40409 ,32504 ,-5967 ,5981 ,-994 
,4,10094 ,4641 ,,41318 ,31404 ,-5274 ,6303 ,-850 
,5,9610 ,4839 ,,40977 ,30395 ,-5743 ,5809 ,-1039 
,6,9690 ,5086 ,,39875 ,29252 ,-5538 ,5567 ,-963 
,7,8539 ,4176 ,,39276 ,29482 ,-5619 ,5065 ,-702 
,8,9596 ,4971 ,,40057 ,29450 ,-5636 ,5359 ,-734 
,9,9912 ,5094 ,,40477 ,30212 ,-5172 ,5449 ,-631 
,10,12875 ,7518 ,,42220 ,29702 ,-5000 ,6292 ,-936 
,11,12573 ,7758 ,,42066 ,29453 ,-4855 ,5570 ,-756 
,12,12239 ,6784 ,,43216 ,30602 ,-5830 ,6354 ,-900 
1998,1,10072 ,5287 ,,41889 ,31331 ,-5271 ,5755 ,-970 
,2,14489 ,9695 ,,40899 ,26300 ,-4903 ,5605 ,-811 
,3,12718 ,7660 ,,40280 ,27236 ,-5384 ,6026 ,-968 
,4,10335 ,7655 ,,40290 ,26680 ,-5955 ,3608 ,-927 
,5,14335 ,10088 ,,41491 ,26048 ,-5355 ,5007 ,-760 
,6,12254 ,7487 ,,40828 ,27598 ,-5743 ,5825 ,-1057 
,7,12317 ,8141 ,,41479 ,27532 ,-5806 ,5172 ,-995 
,8,13802 ,8756 ,,40982 ,27251 ,-4976 ,5907 ,-860 
,9,13678 ,7856 ,,41009 ,27668 ,-5484 ,6818 ,-996 
,10,11965 ,8140 ,,39203 ,25254 ,-5809 ,4910 ,-1085 
,11,11615 ,7240 ,,37250 ,24633 ,-5377 ,5362 ,-986 
,12,13108 ,8821 ,,37481 ,23484 ,-5176 ,5278 ,-991 
1999,1,12004 ,8412 ,,37628 ,24110 ,-5106 ,4554 ,-962 
,2,8264 ,4828 ,,35651 ,25173 ,-5650 ,4360 ,-924 
,3,10304 ,8085 ,,36959 ,24018 ,-4856 ,4782 ,-2563 
,4,8708 ,6251 ,,37049 ,25446 ,-5353 ,3331 ,-874 
,5,11939 ,6762 ,,37452 ,25747 ,-4944 ,5949 ,-772 
,6,12165 ,6434 ,,37892 ,26257 ,-5200 ,6627 ,-896 
,7,12386 ,7020 ,,38392 ,26041 ,-5332 ,6338 ,-972 
,8,10449 ,5774 ,,38269 ,26424 ,-6071 ,5557 ,-882 
,9,11456 ,7055 ,,38438 ,26265 ,-5118 ,5395 ,-993 
,10,11745 ,6812 ,,37985 ,26310 ,-4863 ,5817 ,-884 
,11,10222 ,5297 ,,38549 ,28180 ,-5072 ,5785 ,-859 
,12,10998 ,5760 ,,38510 ,27449 ,-5301 ,6008 ,-771 
2000,1,12587 ,7948 ,,38778 ,26901 ,-3928 ,5661 ,-1022 
,2,11859 ,7282 ,,39136 ,27473 ,-4381 ,5497 ,-921 
,3,10382 ,5681 ,,39707 ,29125 ,-4901 ,5626 ,-925 
,4,12554 ,7072 ,,40535 ,29030 ,-4433 ,6643 ,-1161 
,5,11786 ,5895 ,,39776 ,29209 ,-4672 ,6653 ,-763 
,6,13979 ,7809 ,,41360 ,29307 ,-4245 ,6615 ,-445 
,7,12451 ,6815 ,,40718 ,29655 ,-4248 ,6399 ,-762 
,8,13383 ,6366 ,,41438 ,30916 ,-4156 ,7791 ,-774 
,9,11218 ,5758 ,,41066 ,31209 ,-4098 ,6484 ,-1023 
,10,10818 ,5124 ,,41614 ,32155 ,-4335 ,6477 ,-783 
,11,11224 ,4960 ,,41558 ,31894 ,-4705 ,7153 ,-889 
,12,8500 ,3186 ,,41368 ,33819 ,-4363 ,6367 ,-1053 
2001,1,8343 ,1946 ,,39949 ,32862 ,-5141 ,7186 ,-789 
,2,10299 ,4105 ,,40952 ,32029 ,-4818 ,6757 ,-563 
,3,9995 ,3439 ,,40798 ,32814 ,-4546 ,7155 ,-599 
,4,9394 ,3645 ,,40504 ,31231 ,-5629 ,6599 ,-850 
,5,5955 ,524 ,,38031 ,32263 ,-5244 ,6473 ,-1042 
,6,6985 ,1327 ,,37572 ,31068 ,-5178 ,6768 ,-1110 
,7,7503 ,1996 ,,37850 ,31187 ,-4666 ,6285 ,-778 
,8,8118 ,2082 ,,37392 ,30051 ,-5259 ,7051 ,-1016 
,9,9476 ,3654 ,,37388 ,29305 ,-4429 ,6509 ,-686 
,10,9459 ,3301 ,,37058 ,29993 ,-3763 ,6985 ,-828 
,11,11087 ,4914 ,,36970 ,28390 ,-3666 ,6928 ,-755 
,12,9258 ,3332 ,,35834 ,28620 ,-3882 ,6786 ,-860 
2002,1,11219 ,4817 ,,38411 ,29274 ,-4321 ,6622 ,-220 
,2,9265 ,3028 ,,39210 ,31685 ,-4497 ,7106 ,-868 
,3,15537 ,6591 ,,40308 ,29481 ,-4236 ,6870 ,2075 
,4,10680 ,6141 ,,40364 ,29731 ,-4492 ,5185 ,-646 
,5,10834 ,5473 ,,41006 ,30242 ,-5291 ,6482 ,-1121 
,6,13618 ,6800 ,,41219 ,29949 ,-4470 ,7499 ,-680 
,7,11195 ,5519 ,,40179 ,30042 ,-4618 ,6790 ,-1114 
,8,10625 ,5428 ,,39447 ,29953 ,-4066 ,6133 ,-936 
,9,10318 ,4827 ,,40877 ,30714 ,-5336 ,6118 ,-627 
,10,11408 ,5812 ,,41662 ,31037 ,-4813 ,6471 ,-875 
,11,11397 ,6163 ,,43680 ,32751 ,-4766 ,6065 ,-832 
,12,10040 ,4301 ,,42042 ,32190 ,-5551 ,6633 ,-894 
2003,1,10141 ,4306 ,,41451 ,32512 ,-4633 ,6799 ,-964 
,2,10091 ,4442 ,,42211 ,33418 ,-4351 ,6713 ,-1063 
,3,11574 ,5676 ,,41566 ,32398 ,-3492 ,6395 ,-498 
,4,13056 ,6775 ,,42075 ,32660 ,-2641 ,6981 ,-700 
,5,14598 ,8097 ,,42070 ,31802 ,-2171 ,7160 ,-658 
,6,13075 ,6984 ,,41881 ,32289 ,-2607 ,6726 ,-636 
,7,14674 ,7549 ,,42535 ,32380 ,-2605 ,8116 ,-992 
,8,14692 ,7433 ,,42856 ,32035 ,-3388 ,7738 ,-479 
,9,14794 ,7521 ,,44050 ,33087 ,-3442 ,7788 ,-514 
,10,15124 ,8088 ,,43534 ,31477 ,-3969 ,7634 ,-597 
,11,15962 ,8187 ,,43976 ,32436 ,-3352 ,8400 ,-625 
,12,13207 ,8144 ,,45235 ,32739 ,-4352 ,6306 ,-1243 
2004,1,17542 ,8763 ,,45597 ,33319 ,-3515 ,9157 ,-379 
,2,17154 ,9697 ,,45881 ,32643 ,-3540 ,7933 ,-476 
,3,14348 ,8468 ,,45895 ,33825 ,-3602 ,6553 ,-673 
,4,17509 ,8937 ,,46897 ,33979 ,-3981 ,9327 ,-754 
,5,18573 ,10363 ,,48706 ,34910 ,-3433 ,8779 ,-569 
,6,15199 ,7612 ,,48733 ,37232 ,-3889 ,8286 ,-698 
,7,16219 ,8640 ,,48558 ,36166 ,-3752 ,8485 ,-905 
,8,17310 ,9214 ,,48694 ,36682 ,-2798 ,8827 ,-731 
,9,15768 ,7804 ,,48842 ,37447 ,-3590 ,8825 ,-861 
,10,15212 ,7370 ,,49521 ,38383 ,-3768 ,8745 ,-903 
,11,14837 ,6263 ,,49489 ,39723 ,-3502 ,9597 ,-1023 
,12,17495 ,8720 ,,48382 ,36623 ,-3039 ,9467 ,-691 
2005,1,15010 ,6572 ,,48851 ,37827 ,-4453 ,9548 ,-1109 
,2,16486 ,7536 ,,48487 ,37618 ,-3333 ,9468 ,-518 
,3,13020 ,6793 ,,49826 ,39408 ,-3624 ,7114 ,-887 
,4,16393 ,7277 ,,51284 ,40674 ,-3333 ,10407 ,-1291 
,5,14557 ,5559 ,,50394 ,41724 ,-3110 ,9659 ,-662 
,6,15249 ,6242 ,,51277 ,41579 ,-3457 ,9543 ,-536 
,7,15524 ,5930 ,,52147 ,42899 ,-3318 ,10087 ,-493 
,8,14109 ,4422 ,,52500 ,44406 ,-3672 ,10559 ,-873 
,9,15332 ,5343 ,,53966 ,44945 ,-3678 ,10272 ,-283 
,10,16609 ,7036 ,,55455 ,45793 ,-2626 ,10493 ,-920 
,11,15419 ,5405 ,,56678 ,47778 ,-3495 ,10611 ,-597 
,12,19778 ,6964 ,,58234 ,48463 ,-2807 ,12640 ,174 
2006,1,16956 ,5925 ,,55918 ,47881 ,-2112 ,11962 ,-932 
,2,17187 ,6167 ,,58574 ,49426 ,-2981 ,12009 ,-989 
,3,16755 ,6419 ,,58641 ,49477 ,-2745 ,11429 ,-1094 
,4,14650 ,3981 ,,58334 ,50817 ,-3536 ,11588 ,-919 
,5,15961 ,6377 ,,58633 ,49080 ,-3175 ,10738 ,-1154 
,6,16227 ,5351 ,,58208 ,49463 ,-3394 ,12054 ,-1177 
,7,17759 ,6679 ,,59727 ,49902 ,-3146 ,12113 ,-1033 
,8,16480 ,5264 ,,60474 ,51762 ,-3448 ,12295 ,-1078 
,9,14331 ,2764 ,,61346 ,55085 ,-3497 ,12509 ,-942 
,10,18550 ,6675 ,,61961 ,52001 ,-3284 ,12844 ,-969 
,11,19850 ,9932 ,,63548 ,50428 ,-3188 ,10860 ,-942 
,12,20649 ,8581 ,,63281 ,51748 ,-2952 ,13179 ,-1110 
2007,1,20866 ,8072 ,,64763 ,52864 ,-3827 ,13773 ,-978 
,2,17827 ,5901 ,,64450 ,55130 ,-3419 ,13142 ,-1216 
,3,23632 ,10712 ,,64334 ,50928 ,-2694 ,14169 ,-1249 
,4,23435 ,9599 ,,64283 ,50788 ,-3896 ,14875 ,-1039 
,5,19337 ,5557 ,,65610 ,55826 ,-4227 ,14810 ,-1030 
,6,19913 ,7337 ,,66814 ,56251 ,-3227 ,13549 ,-973 
,7,18228 ,6539 ,,66283 ,55790 ,-3954 ,12986 ,-1297 
,8,22174 ,10545 ,,68330 ,53727 ,-4058 ,12771 ,-1142 
,9,21379 ,9508 ,,67553 ,54857 ,-3189 ,13118 ,-1247 
,10,23557 ,10807 ,,69642 ,55606 ,-3230 ,13746 ,-996 
,11,20104 ,9308 ,,69152 ,56199 ,-3644 ,11971 ,-1175 
,12,20280 ,6998 ,,69745 ,58465 ,-4282 ,14595 ,-1312 
2008,1,20270 ,7515 ,,69407 ,57954 ,-3939 ,14154 ,-1399 
,2,17035 ,3981 ,,67247 ,58306 ,-4960 ,14181 ,-1127 
,3,19104 ,5840 ,,68071 ,58920 ,-3312 ,13801 ,-537 
,4,13935 ,4320 ,,65027 ,58020 ,-2687 ,10660 ,-1045 
,5,15660 ,4352 ,,67548 ,60581 ,-2615 ,12227 ,-918 
,6,10072 ,-362 ,,67925 ,64509 ,-3778 ,11614 ,-1180 
,7,12543 ,1744 ,,69613 ,65113 ,-2756 ,12519 ,-1720 
,8,8647 ,-1425 ,,69993 ,68777 ,-2641 ,11300 ,-1228 
,9,7924 ,-2046 ,,69059 ,67344 ,-3761 ,11042 ,-1072 
,10,10080 ,323 ,,63879 ,61061 ,-2494 ,11054 ,-1297 
,11,6765 ,-2792 ,,52888 ,53276 ,-2405 ,10630 ,-1072 
,12,5503 ,-3949 ,,45271 ,45221 ,-3999 ,10411 ,-959 
2009,1,3605 ,-5942 ,,36649 ,39669 ,-2921 ,10511 ,-965 
,2,6821 ,-2291 ,,34728 ,33934 ,-3085 ,9611 ,-499 
,3,7823 ,-1583 ,,36221 ,35289 ,-2516 ,10530 ,-1124 
,4,8799 ,477 ,,38511 ,35457 ,-2576 ,9504 ,-1183 
,5,10175 ,1262 ,,39870 ,35025 ,-3583 ,10292 ,-1379 
,6,16327 ,4318 ,,41815 ,35100 ,-2397 ,12774 ,-764 
,7,11873 ,1773 ,,42931 ,38034 ,-3123 ,10879 ,-780 
,8,12926 ,4110 ,,45103 ,38639 ,-2354 ,9806 ,-990 
,9,10922 ,1318 ,,46857 ,43359 ,-2180 ,10493 ,-890 
,10,16014 ,6020 ,,48936 ,39785 ,-3131 ,10812 ,-818 
,11,16963 ,6958 ,,50807 ,41685 ,-2164 ,10920 ,-915 
,12,14312 ,4994 ,,50522 ,43184 ,-2345 ,10228 ,-910 
2010,1,16904 ,6305 ,,52015 ,43604 ,-2106 ,11240 ,-640 
,2,13591 ,4125 ,,51241 ,44524 ,-2592 ,10527 ,-1061 
,3,18096 ,6828 ,,51536 ,42102 ,-2606 ,11948 ,-679 
,4,17920 ,7886 ,,54968 ,44514 ,-2569 ,11118 ,-1084 
,5,13766 ,4365 ,,54391 ,47608 ,-2418 ,10200 ,-799 
,6,14464 ,3867 ,,53266 ,46946 ,-2454 ,11466 ,-868 
,7,16429 ,6347 ,,53879 ,45995 ,-1537 ,11111 ,-1030 
,8,15421 ,5239 ,,52918 ,45666 ,-2013 ,11534 ,-1353 
,9,16133 ,5366 ,,53891 ,46526 ,-1999 ,11780 ,-1014 
,10,17259 ,5817 ,,54369 ,46592 ,-1959 ,12430 ,-988 
,11,16297 ,5269 ,,55011 ,47301 ,-2441 ,11792 ,-764 
,12,17618 ,6653 ,,57030 ,48665 ,-1712 ,11774 ,-809 
2011,1,14520 ,3466 ,,54254 ,49405 ,-1383 ,11945 ,-891 
,2,13949 ,3652 ,,55905 ,50189 ,-2064 ,12710 ,-2413 
,3,9404 ,-1950 ,,50003 ,49274 ,-2680 ,11970 ,-617 
,4,5005 ,-6931 ,,47711 ,52490 ,-2152 ,12600 ,-664 
,5,5938 ,-5946 ,,48977 ,52645 ,-2279 ,12655 ,-771 
,6,8958 ,-2165 ,,52536 ,52622 ,-2080 ,12305 ,-1182 
,7,7912 ,-3341 ,,53633 ,54569 ,-2404 ,12179 ,-926 
,8,7112 ,-4266 ,,53821 ,55389 ,-2698 ,12333 ,-955 
,9,10647 ,-118 ,,55092 ,52922 ,-2288 ,11680 ,-915 
,10,6788 ,-4924 ,,53749 ,55944 ,-2728 ,12269 ,-557 
,11,5411 ,-5578 ,,52220 ,55223 ,-2575 ,12124 ,-1135 
,12,6859 ,-4640 ,,52266 ,54534 ,-2372 ,12499 ,-1001 
2012,1,4532 ,-5969 ,,49700 ,53783 ,-1885 ,11636 ,-1135 
,2,7862 ,-3642 ,,51777 ,52618 ,-2801 ,11975 ,-471 
,3,3817 ,-5651 ,,53190 ,56729 ,-2111 ,10500 ,-1032 
,4,5374 ,-4952 ,,55362 ,56727 ,-3586 ,11122 ,-797 
,5,3645 ,-7180 ,,53000 ,56412 ,-3768 ,11922 ,-1097 
,6,4108 ,-6339 ,,51768 ,54941 ,-3166 ,11464 ,-1017 
,7,4587 ,-5674 ,,51253 ,53250 ,-3678 ,11247 ,-986 
,8,4993 ,-5928 ,,50708 ,53262 ,-3374 ,11905 ,-984 
,9,-1522 ,-12094 ,,50210 ,58313 ,-3992 ,11357 ,-785 
,10,6014 ,-5539 ,,49948 ,52049 ,-3438 ,12264 ,-711 
,11,3887 ,-6964 ,,49731 ,53222 ,-3474 ,11778 ,-927 
,12,3102 ,-8051 ,,50023 ,54723 ,-3352 ,12404 ,-1251 
2013,1,5197 ,-8385 ,,52034 ,57297 ,-3122 ,13189 ,393 
,2,1735 ,-11768 ,,52942 ,61766 ,-2944 ,14025 ,-522 
,3,2237 ,-9832 ,,54427 ,61389 ,-2870 ,12960 ,-891 
,4,10475 ,-7716 ,,56495 ,61554 ,-2657 ,19049 ,-858 
,5,6785 ,-6576 ,,58169 ,62607 ,-2138 ,14371 ,-1009 
,6,5231 ,-8871 ,,57089 ,63315 ,-2645 ,15218 ,-1115 
,7,4647 ,-9799 ,,56777 ,63837 ,-2740 ,15380 ,-934 
,8,2370 ,-9934 ,,58103 ,64985 ,-3052 ,13103 ,-798 
,9,2979 ,-11270 ,,57758 ,66152 ,-2876 ,15073 ,-824 
,10,1496 ,-12538 ,,58210 ,67152 ,-3596 ,15006 ,-972 
,11,-548 ,-13065 ,,57745 ,67677 ,-3133 ,13951 ,-1433 
,12,2423 ,-12295 ,,58283 ,67413 ,-3165 ,15547 ,-829 
2014,1,-3458 ,-17959 ,,59491 ,74133 ,-3316 ,15984 ,-1483 
,2,1013 ,-12735 ,,61086 ,70792 ,-3029 ,15218 ,-1470 
,3,-6927 ,-19330 ,,58694 ,75082 ,-2942 ,14209 ,-1806 
,4,2517 ,-11451 ,,59531 ,68176 ,-2805 ,15730 ,-1761 
,5,5493 ,-7644 ,,59861 ,65331 ,-2174 ,15009 ,-1872 
,6,3107 ,-10463 ,,60636 ,68812 ,-2286 ,15092 ,-1523 
,7,1986 ,-12405 ,,61217 ,69817 ,-3806 ,16176 ,-1785 
,8,1492 ,-12329 ,,59628 ,69406 ,-2551 ,15587 ,-1765 
,9,5950 ,-9900 ,,63602 ,71048 ,-2454 ,17611 ,-1762 
,10,10115 ,-7407 ,,64112 ,71523 ,4 ,19706 ,-2184 
,11,7627 ,-7986 ,,65232 ,71473 ,-1745 ,16678 ,-1065 
,12,12006 ,-5380 ,,68003 ,70796 ,-2587 ,18587 ,-1200 
2015,1,12736 ,-3134 ,,67852 ,68202 ,-2783 ,16900 ,-1030 
,2,6989 ,-7742 ,,61891 ,66897 ,-2736 ,16609 ,-1878 
,3,17552 ,2056 ,,64397 ,60592 ,-1749 ,17211 ,-1715 
,4,13071 ,-3463 ,,62458 ,64069 ,-1852 ,18366 ,-1832 
,5,15917 ,-1746 ,,62263 ,62849 ,-1159 ,19313 ,-1650 
,6,13641 ,-3279 ,,63562 ,64651 ,-2189 ,18512 ,-1592 
,7,14888 ,-2582 ,,64102 ,65333 ,-1351 ,19060 ,-1590 
,8,14729 ,-2466 ,,62954 ,65377 ,-43 ,18614 ,-1419 
,9,9555 ,-3395 ,,62535 ,64929 ,-1001 ,15443 ,-2493 
,10,14475 ,-1937 ,,61576 ,61729 ,-1785 ,18030 ,-1618 
,11,15051 ,-153 ,,61213 ,60293 ,-1073 ,17116 ,-1912 
,12,17129 ,-500 ,,58726 ,57638 ,-1588 ,18788 ,-1159 
2016,1,17628 ,2064 ,,58297 ,55956 ,-277 ,17256 ,-1692 
,2,16671 ,2266 ,,56678 ,54300 ,-112 ,16441 ,-2035 
,3,18829 ,3665 ,,56336 ,51884 ,-787 ,16710 ,-1546 
,4,17308 ,3257 ,,56126 ,51989 ,-880 ,15881 ,-1830 
,5,17077 ,3600 ,,56629 ,52103 ,-926 ,15692 ,-2215 
,6,17404 ,3172 ,,56943 ,52327 ,-1444 ,15841 ,-1610 
,7,16665 ,2713 ,,55236 ,51770 ,-753 ,15726 ,-1773 
,8,17488 ,3702 ,,56283 ,51391 ,-1190 ,15546 ,-1760 
,9,17048 ,4311 ,,57194 ,51557 ,-1325 ,14941 ,-2205 
,10,17050 ,3587 ,,57368 ,52797 ,-984 ,15171 ,-1709 
,11,17457 ,4087 ,,58680 ,53655 ,-938 ,15075 ,-1706 
,12,18716 ,3733 ,,61801 ,56004 ,-2064 ,16452 ,-1469 
2017,1,16034 ,1552 ,,61896 ,59406 ,-939 ,16027 ,-1545 
,2,24358 ,6450 ,,65268 ,57294 ,-1524 ,19580 ,-1672 
,3,19331 ,2693 ,,63921 ,60104 ,-1124 ,18263 ,-1625 
,4,19443 ,3964 ,,62571 ,59391 ,784 ,16996 ,-1518 
,5,15640 ,2567 ,,62787 ,58942 ,-1278 ,14790 ,-1716 
,6,16441 ,1663 ,,62308 ,60102 ,-542 ,16663 ,-1885 
,7,21216 ,3852 ,,64396 ,59570 ,-974 ,19224 ,-1860 
,8,22059 ,4767 ,,64855 ,59527 ,-561 ,19098 ,-1807 
,9,19104 ,3916 ,,64559 ,59893 ,-749 ,17056 ,-1868 
,10,23047 ,6569 ,,65025 ,60081 ,1626 ,18089 ,-1612 
,11,17468 ,3313 ,,66542 ,62114 ,-1115 ,16081 ,-1926 
,12,16594 ,1313 ,,66285 ,64342 ,-630 ,17431 ,-2150 
2018,1,19836 ,4613 ,,69410 ,64204 ,-593 ,16753 ,-1531 
,2,13157 ,-2190 ,,66759 ,69063 ,114 ,17201 ,-1854 
,3,19334 ,4257 ,,66853 ,61918 ,-679 ,17117 ,-2040 
,4,21234 ,6423 ,,68531 ,61188 ,-921 ,16605 ,-1794 
,5,17259 ,558 ,,67958 ,65639 ,-1761 ,18404 ,-1703 
,6,17082 ,339 ,,68175 ,66458 ,-1378 ,18466 ,-1723 
,7,16938 ,418 ,,68288 ,67079 ,-790 ,18475 ,-1955 
,8,14358 ,-934 ,,68404 ,68447 ,-892 ,17257 ,-1964 
,9,15619 ,-1855 ,,66247 ,67793 ,-309 ,18693 ,-1219 
,10,12653 ,-4275 ,,68251 ,70861 ,-1665 ,18659 ,-1731 
,11,13614 ,-3106 ,,67138 ,69052 ,-1192 ,17770 ,-1050 
,12,14327 ,-756 ,,66419 ,66533 ,-642 ,16495 ,-1411 
2019,1,18030 ,-784 ,,64376 ,63885 ,-1274 ,20015 ,-1202 
,2,17199 ,186 ,,65530 ,64433 ,-911 ,17294 ,-282 
,3,15928 ,-1150 ,,64768 ,65589 ,-329 ,18101 ,-1023 
,4,17813 ,19 ,,64938 ,64812 ,-108 ,18128 ,-334 
,5,12688 ,-3558 ,,63797 ,66886 ,-469 ,17333 ,-1087 
,6,17712 ,893 ,,64243 ,63060 ,-290 ,18480 ,-1661 
,7,16498 ,-896 ,,63822 ,63830 ,-887 ,18384 ,-990 
,8,14220 ,-2033 ,,62653 ,62815 ,-1871 ,17787 ,-1534 
,9,12397 ,-3024 ,,62363 ,62913 ,-2474 ,17554 ,-2133 
,10,15079 ,-289 ,,62103 ,61300 ,-1093 ,16407 ,-1038 
,11,13819 ,-2400 ,,60027 ,60921 ,-1506 ,17517 ,-1298 
,12,17270 ,985 ,,61823 ,60568 ,-270 ,17453 ,-1168 
2020,1,18631 ,-1017 ,,61260 ,61558 ,-719 ,20916 ,-1268 
,2,21592 ,3307 ,,63771 ,55992 ,-4472 ,19474 ,-1190 
,3,9588 ,-5514 ,,58761 ,60320 ,-3956 ,16326 ,-1224 
,4,1886 ,-12488 ,,49030 ,57900 ,-3618 ,15668 ,-1294 
,5,4613 ,-7981 ,,45923 ,50586 ,-3318 ,14464 ,-1871 
,6,7768 ,-4596 ,,47796 ,49701 ,-2691 ,14195 ,-1832 
,7,9184 ,-2283 ,,51140 ,50493 ,-2930 ,12674 ,-1207 
,8,14796 ,917 ,,54824 ,49976 ,-3931 ,16167 ,-2287 
,9,12125 ,4136 ,,57929 ,50748 ,-3046 ,15143 ,-7153 
,10,17220 ,4460 ,,58553 ,51728 ,-2366 ,15231 ,-2470 
,11,20133 ,5741 ,,61162 ,52557 ,-2864 ,17025 ,-2634 
,12,20639 ,4499 ,,61318 ,53376 ,-3442 ,18121 ,-1980 
2021,1,20192 ,4854 ,,63867 ,57105 ,-1908 ,17743 ,-2405 
,2,22767 ,-328 ,,64616 ,62867 ,-2077 ,24654 ,-1560 
,3,17053 ,3796 ,,67349 ,60193 ,-3360 ,14926 ,-1669 
,4,20610 ,-1056 ,,68087 ,64377 ,-4766 ,23639 ,-1974 
,5,21139 ,-77 ,,68837 ,65147 ,-3768 ,23145 ,-1929 
,6,18994 ,-1921 ,,69487 ,67679 ,-3729 ,22850 ,-1934 
,7,17381 ,-1558 ,,70102 ,67564 ,-4095 ,21460 ,-2521 
,8,15394 ,-3366 ,,70093 ,69921 ,-3539 ,20525 ,-1764 
,9,13717 ,-6968 ,,67085 ,70663 ,-3390 ,22697 ,-2012 
,10,13871 ,-6249 ,,66096 ,68089 ,-4256 ,21832 ,-1712 
,11,17595 ,-4103 ,,74569 ,74547 ,-4124 ,23982 ,-2285 
,12,14785 ,-8369 ,,72402 ,77108 ,-3663 ,24960 ,-1806 
2022,1,12533 ,-8676 ,,75684 ,78957 ,-5404 ,22448 ,-1240 
,2,14077 ,-10903 ,,77899 ,84887 ,-3914 ,27611 ,-2631 
,3,22258 ,-10436 ,,78250 ,84407 ,-4279 ,35087 ,-2393 
,4,10190 ,-14441 ,,79604 ,89703 ,-4342 ,26709 ,-2078 
,5,4934 ,-16181 ,,83148 ,95581 ,-3748 ,23227 ,-2112 
,6,11587 ,-18824 ,,83068 ,98945 ,-2946 ,32322 ,-1911 
,7,119 ,-23144 ,,83408 ,101191 ,-5361 ,25468 ,-2204 
,8,-810 ,-28515 ,,85621 ,104456 ,-9679 ,29304 ,-1599 
,9,5305 ,-23320 ,,85374 ,104009 ,-4685 ,30423 ,-1797 
,10,-3076 ,-25343 ,,86312 ,106642 ,-5013 ,24930 ,-2663 
,11,16182 ,-17163 ,,89284 ,102429 ,-4018 ,35496 ,-2151 
,12,13948 ,-18682 ,,80325 ,95807 ,-3200 ,35671 ,-3041 
2023,1,3147 ,-20436 ,,79492 ,95927 ,-4001 ,26826 ,-3243 
,2,15595 ,-14134 ,,81344 ,91613 ,-3864 ,33829 ,-4101 
,3,13187 ,-13826 ,,80701 ,90702 ,-3825 ,30375 ,-3362 
,4,20433 ,-4991 ,,83154 ,88372 ,227 ,29552 ,-4128 
,5,18078 ,-9694 ,,79425 ,84746 ,-4372 ,30998 ,-3226 
,6,22099 ,-5371 ,,82917 ,84276 ,-4012 ,30850 ,-3379 
,7,23773 ,-4167 ,,84421 ,85994 ,-2594 ,31622 ,-3682 
,8,17056 ,-8774 ,,82762 ,86112 ,-5425 ,28954 ,-3124 
,9,23969 ,-4931 ,,86970 ,87891 ,-4010 ,32331 ,-3431 
,10,28044 ,2044 ,,87318 ,90776 ,5502 ,29128 ,-3128 
,11,20163 ,-6998 ,,86024 ,89712 ,-3309 ,30222 ,-3061 
,12,19858 ,-7409 ,,88505 ,92553 ,-3360 ,31219 ,-3952 
2024,1,26105 ,-4267 ,,85002 ,84820 ,-4449 ,34630 ,-4258 
,2,17195 ,-10550 ,,83916 ,90891 ,-3575 ,30999 ,-3254 
,3,22145 ,-8663 ,,87375 ,93228 ,-2810 ,34028 ,-3220 
,4,25784 ,-5801 ,,85642 ,89891 ,-1552 ,35330 ,-3746 
,5,24625 ,-7830 ,,87061 ,91340 ,-3551 ,35602 ,-3147 
,6,21497 ,-6752 ,,89542 ,93571 ,-2722 ,32135 ,-3886 
,7,28305 ,-7186 ,,90894 ,94917 ,-3163 ,38177 ,-2686 
,8,29670 ,-4651 ,,87612 ,89934 ,-2329 ,38808 ,-4487 
,9,14514 ,-6759 ,,86938 ,90089 ,-3608 ,25874 ,-4600 
,10,23545 ,-1772 ,,87677 ,89129 ,-321 ,30051 ,-4734 
,11,29716 ,356 ,,87260 ,86693 ,-211 ,33858 ,-4498 
,12,28823 ,190 ,,90353 ,89648 ,-514 ,32527 ,-3894 
2025,1,20339 ,-16631 ,,84986 ,100342 ,-1276 ,41046 ,-4076 
,2,29062 ,-1066 ,,96003 ,93903 ,-3166 ,33390 ,-3262 
,3,27231 ,-5685 ,,90289 ,92491 ,-3483 ,37356 ,-4439 
